Workbook

Sheet Résumé
A1: Audit des 300 principaux copyrights Gelbooru
A3: Audit effectué le 14 août 2026. Les alias ne sont proposés que lorsqu’un copyright unique est commun à tous les posts JSON échantillonnés. Les cas ambigus restent manuels.
A5: État | B5: Nombre | D5: Action | E5: Nombre
A6: Wiki présent | B6: =COUNTIF('Rangs 1-200'!$D$2:$D$201,A6)+COUNTIF('Rangs 201-300'!$D$2:$D$101,A6) -> 231 | D6: À créer | E6: =COUNTIF('Rangs 1-200'!$I$2:$I$201,D6)+COUNTIF('Rangs 201-300'!$I$2:$I$101,D6) -> 46
A7: Alias → wiki canonique | B7: =COUNTIF('Rangs 1-200'!$D$2:$D$201,A7)+COUNTIF('Rangs 201-300'!$D$2:$D$101,A7) -> 14 | D7: Brouillon prêt à publier | E7: =COUNTIF('Rangs 1-200'!$I$2:$I$201,D7)+COUNTIF('Rangs 201-300'!$I$2:$I$101,D7) -> 0
A8: Wiki absent | B8: =COUNTIF('Rangs 1-200'!$D$2:$D$201,A8)+COUNTIF('Rangs 201-300'!$D$2:$D$101,A8) -> 46 | D8: Vérifier mise à jour (>5 ans) | E8: =COUNTIF('Rangs 1-200'!$I$2:$I$201,D8)+COUNTIF('Rangs 201-300'!$I$2:$I$101,D8) -> 45
A9: Alias ambigu | B9: =COUNTIF('Rangs 1-200'!$D$2:$D$201,A9)+COUNTIF('Rangs 201-300'!$D$2:$D$101,A9) -> 7 | D9: Jauger manuellement | E9: =COUNTIF('Rangs 1-200'!$I$2:$I$201,D9)+COUNTIF('Rangs 201-300'!$I$2:$I$101,D9) -> 68
A10: Échantillon insuffisant | B10: =COUNTIF('Rangs 1-200'!$D$2:$D$201,A10)+COUNTIF('Rangs 201-300'!$D$2:$D$101,A10) -> 1 | D10: Contrôle manuel requis | E10: =COUNTIF('Rangs 1-200'!$I$2:$I$201,D10)+COUNTIF('Rangs 201-300'!$I$2:$I$101,D10) -> 9
A11: Wiki absent / aucun alias commun | B11: =COUNTIF('Rangs 1-200'!$D$2:$D$201,A11)+COUNTIF('Rangs 201-300'!$D$2:$D$101,A11) -> 1 | D11: Aucun besoin évident | E11: =COUNTIF('Rangs 1-200'!$I$2:$I$201,D11)+COUNTIF('Rangs 201-300'!$I$2:$I$101,D11) -> 116
A14: Utilisation : filtre la colonne Action conseillée, puis clique sur ↗ dans Lien wiki. Pour un alias, le lien mène directement au wiki du tag canonique ; l’URL complète reste disponible en secours.

Sheet Rangs 1-200
A1: Rang | B1: Tag copyright | C1: Images | D1: État du wiki | E1: Alias canonique | F1: Lien wiki (↗) | G1: Dernière mise à jour | H1: Travail local | I1: Action conseillée | J1: Candidats / remarque | K1: URL du wiki (secours)
A2: 1 | B2: original | C2: 1687758 | D2: Wiki présent | F2: =HYPERLINK(K2,"↗") -> ↗ | G2: 45328.311 | H2: Non traité | I2: Aucun besoin évident | K2: https://gelbooru.com/index.php?page=wiki&s=view&id=129
A3: 2 | B3: touhou | C3: 1009014 | D3: Wiki présent | F3: =HYPERLINK(K3,"↗") -> ↗ | H3: Non traité | I3: Jauger manuellement | K3: https://gelbooru.com/index.php?page=wiki&s=view&id=33
A4: 3 | B4: nintendo | C4: 895770 | D4: Wiki présent | F4: =HYPERLINK(K4,"↗") -> ↗ | H4: Non traité | I4: Jauger manuellement | K4: https://gelbooru.com/index.php?page=wiki&s=view&id=6035
A5: 4 | B5: pokemon | C5: 533357 | D5: Wiki présent | F5: =HYPERLINK(K5,"↗") -> ↗ | H5: Non traité | I5: Jauger manuellement | K5: https://gelbooru.com/index.php?page=wiki&s=view&id=6888
A6: 5 | B6: kantai_collection | C6: 515188 | D6: Wiki présent | F6: =HYPERLINK(K6,"↗") -> ↗ | G6: 42100.807 | H6: Non traité | I6: Vérifier mise à jour (>5 ans) | K6: https://gelbooru.com/index.php?page=wiki&s=view&id=11215
A7: 6 | B7: blue_archive | C7: 440806 | D7: Wiki présent | F7: =HYPERLINK(K7,"↗") -> ↗ | G7: 46242.905 | H7: Non traité | I7: Aucun besoin évident | K7: https://gelbooru.com/index.php?page=wiki&s=view&id=27326
A8: 7 | B8: fate_(series) | C8: 424708 | D8: Wiki présent | F8: =HYPERLINK(K8,"↗") -> ↗ | G8: 46247.947 | H8: Brouillon prêt | I8: Aucun besoin évident | K8: https://gelbooru.com/index.php?page=wiki&s=view&id=27238
A9: 8 | B9: hololive | C9: 325946 | D9: Wiki présent | F9: =HYPERLINK(K9,"↗") -> ↗ | H9: Non traité | I9: Jauger manuellement | K9: https://gelbooru.com/index.php?page=wiki&s=view&id=26117
A10: 9 | B10: genshin_impact | C10: 318339 | D10: Wiki présent | F10: =HYPERLINK(K10,"↗") -> ↗ | G10: 46247.404 | H10: Brouillon prêt | I10: Aucun besoin évident | K10: https://gelbooru.com/index.php?page=wiki&s=view&id=26717
A11: 10 | B11: fate/grand_order | C11: 308099 | D11: Wiki présent | F11: =HYPERLINK(K11,"↗") -> ↗ | G11: 45021.401 | H11: Non traité | I11: Aucun besoin évident | K11: https://gelbooru.com/index.php?page=wiki&s=view&id=25685
A12: 11 | B12: idolmaster | C12: 303464 | D12: Wiki présent | F12: =HYPERLINK(K12,"↗") -> ↗ | H12: Brouillon prêt | I12: Jauger manuellement | K12: https://gelbooru.com/index.php?page=wiki&s=view&id=436
A13: 12 | B13: arknights | C13: 220474 | D13: Wiki présent | F13: =HYPERLINK(K13,"↗") -> ↗ | H13: Non traité | I13: Jauger manuellement | K13: https://gelbooru.com/index.php?page=wiki&s=view&id=26560
A14: 13 | B14: vocaloid | C14: 216903 | D14: Wiki présent | F14: =HYPERLINK(K14,"↗") -> ↗ | G14: 42700.183 | H14: Non traité | I14: Vérifier mise à jour (>5 ans) | K14: https://gelbooru.com/index.php?page=wiki&s=view&id=2179
A15: 14 | B15: umamusume | C15: 203874 | D15: Wiki présent | F15: =HYPERLINK(K15,"↗") -> ↗ | H15: Non traité | I15: Jauger manuellement | K15: https://gelbooru.com/index.php?page=wiki&s=view&id=22977
A16: 15 | B16: love_live! | C16: 190930 | D16: Wiki présent | F16: =HYPERLINK(K16,"↗") -> ↗ | H16: Non traité | I16: Jauger manuellement | K16: https://gelbooru.com/index.php?page=wiki&s=view&id=28419
A17: 16 | B17: honkai_(series) | C17: 179381 | D17: Wiki présent | F17: =HYPERLINK(K17,"↗") -> ↗ | G17: 46247.39 | H17: Brouillon prêt | I17: Aucun besoin évident | K17: https://gelbooru.com/index.php?page=wiki&s=view&id=32881
A18: 17 | B18: azur_lane | C18: 162621 | D18: Wiki présent | F18: =HYPERLINK(K18,"↗") -> ↗ | G18: 45658.886 | H18: Non traité | I18: Aucun besoin évident | K18: https://gelbooru.com/index.php?page=wiki&s=view&id=23487
A19: 18 | B19: fire_emblem | C19: 155059 | D19: Wiki présent | F19: =HYPERLINK(K19,"↗") -> ↗ | H19: Non traité | I19: Jauger manuellement | K19: https://gelbooru.com/index.php?page=wiki&s=view&id=22598
A20: 19 | B20: idolmaster_cinderella_girls | C20: 146653 | D20: Wiki présent | F20: =HYPERLINK(K20,"↗") -> ↗ | H20: Brouillon prêt | I20: Jauger manuellement | K20: https://gelbooru.com/index.php?page=wiki&s=view&id=12488
A21: 20 | B21: digimon | C21: 137090 | D21: Wiki présent | F21: =HYPERLINK(K21,"↗") -> ↗ | H21: Non traité | I21: Jauger manuellement | K21: https://gelbooru.com/index.php?page=wiki&s=view&id=11536
A22: 21 | B22: final_fantasy | C22: 131320 | D22: Wiki présent | F22: =HYPERLINK(K22,"↗") -> ↗ | H22: Non traité | I22: Jauger manuellement | K22: https://gelbooru.com/index.php?page=wiki&s=view&id=2341
A23: 22 | B23: honkai:_star_rail | C23: 126118 | D23: Wiki présent | F23: =HYPERLINK(K23,"↗") -> ↗ | G23: 46247.401 | H23: Brouillon prêt | I23: Aucun besoin évident | K23: https://gelbooru.com/index.php?page=wiki&s=view&id=32896
A24: 23 | B24: hololive_english | C24: 112584 | D24: Wiki présent | F24: =HYPERLINK(K24,"↗") -> ↗ | G24: 45542.257 | H24: Non traité | I24: Aucun besoin évident | K24: https://gelbooru.com/index.php?page=wiki&s=view&id=26725
A25: 24 | B25: one_piece | C25: 110327 | D25: Wiki présent | F25: =HYPERLINK(K25,"↗") -> ↗ | H25: Non traité | I25: Jauger manuellement | K25: https://gelbooru.com/index.php?page=wiki&s=view&id=229
A26: 25 | B26: zenless_zone_zero | C26: 105532 | D26: Wiki présent | F26: =HYPERLINK(K26,"↗") -> ↗ | G26: 46245.274 | H26: Non traité | I26: Aucun besoin évident | K26: https://gelbooru.com/index.php?page=wiki&s=view&id=31590
A27: 26 | B27: nijisanji | C27: 92264 | D27: Wiki présent | F27: =HYPERLINK(K27,"↗") -> ↗ | G27: 44773.108 | H27: Non traité | I27: Aucun besoin évident | K27: https://gelbooru.com/index.php?page=wiki&s=view&id=26776
A28: 27 | B28: indie_virtual_youtuber | C28: 88852 | D28: Wiki présent | F28: =HYPERLINK(K28,"↗") -> ↗ | G28: 45793.889 | H28: Non traité | I28: Aucun besoin évident | K28: https://gelbooru.com/index.php?page=wiki&s=view&id=30651
A29: 28 | B29: gundam | C29: 84694 | D29: Wiki présent | F29: =HYPERLINK(K29,"↗") -> ↗ | H29: Non traité | I29: Jauger manuellement | K29: https://gelbooru.com/index.php?page=wiki&s=view&id=12503
A30: 29 | B30: girls'_frontline | C30: 81059 | D30: Wiki présent | F30: =HYPERLINK(K30,"↗") -> ↗ | H30: Non traité | I30: Jauger manuellement | K30: https://gelbooru.com/index.php?page=wiki&s=view&id=32678
A31: 30 | B31: girls_und_panzer | C31: 80341 | D31: Wiki présent | F31: =HYPERLINK(K31,"↗") -> ↗ | G31: 44271.42 | H31: Non traité | I31: Vérifier mise à jour (>5 ans) | K31: https://gelbooru.com/index.php?page=wiki&s=view&id=21928
A32: 31 | B32: mahou_shoujo_madoka_magica | C32: 79832 | D32: Wiki présent | F32: =HYPERLINK(K32,"↗") -> ↗ | H32: Non traité | I32: Jauger manuellement | K32: https://gelbooru.com/index.php?page=wiki&s=view&id=2689
A33: 32 | B33: gfl | C33: 77205 | D33: Wiki absent / aucun alias commun | H33: Non traité | I33: Contrôle manuel requis
A34: 33 | B34: precure | C34: 76121 | D34: Wiki présent | F34: =HYPERLINK(K34,"↗") -> ↗ | H34: Non traité | I34: Jauger manuellement | K34: https://gelbooru.com/index.php?page=wiki&s=view&id=11458
A35: 34 | B35: danganronpa_(series) | C35: 71911 | D35: Wiki présent | F35: =HYPERLINK(K35,"↗") -> ↗ | G35: 46247.418 | H35: Brouillon prêt | I35: Aucun besoin évident | K35: https://gelbooru.com/index.php?page=wiki&s=view&id=32904
A36: 35 | B36: capcom | C36: 70968 | D36: Wiki présent | F36: =HYPERLINK(K36,"↗") -> ↗ | H36: Non traité | I36: Jauger manuellement | K36: https://gelbooru.com/index.php?page=wiki&s=view&id=1415
A37: 36 | B37: boku_no_hero_academia | C37: 70225 | D37: Wiki présent | F37: =HYPERLINK(K37,"↗") -> ↗ | H37: Non traité | I37: Jauger manuellement | K37: https://gelbooru.com/index.php?page=wiki&s=view&id=23484
A38: 37 | B38: naruto_(series) | C38: 69478 | D38: Wiki présent | F38: =HYPERLINK(K38,"↗") -> ↗ | G38: 46241.253 | H38: Non traité | I38: Aucun besoin évident | K38: https://gelbooru.com/index.php?page=wiki&s=view&id=26778
A39: 38 | B39: puella_magi_madoka_magica | C39: 63104 | D39: Wiki présent | F39: =HYPERLINK(K39,"↗") -> ↗ | G39: 41707.641 | H39: Non traité | I39: Vérifier mise à jour (>5 ans) | K39: https://gelbooru.com/index.php?page=wiki&s=view&id=14145
A40: 39 | B40: kemono_friends | C40: 61640 | D40: Wiki présent | F40: =HYPERLINK(K40,"↗") -> ↗ | H40: Non traité | I40: Jauger manuellement | K40: https://gelbooru.com/index.php?page=wiki&s=view&id=21317
A41: 40 | B41: love_live!_school_idol_project | C41: 60217 | D41: Wiki présent | F41: =HYPERLINK(K41,"↗") -> ↗ | G41: 44376.574 | H41: Non traité | I41: Vérifier mise à jour (>5 ans) | K41: https://gelbooru.com/index.php?page=wiki&s=view&id=10244
A42: 41 | B42: persona | C42: 59614 | D42: Wiki présent | F42: =HYPERLINK(K42,"↗") -> ↗ | H42: Non traité | I42: Jauger manuellement | K42: https://gelbooru.com/index.php?page=wiki&s=view&id=8210
A43: 42 | B43: yu-gi-oh! | C43: 58805 | D43: Wiki présent | F43: =HYPERLINK(K43,"↗") -> ↗ | H43: Non traité | I43: Jauger manuellement | K43: https://gelbooru.com/index.php?page=wiki&s=view&id=1473
A44: 43 | B44: dragon_ball | C44: 58646 | D44: Wiki présent | F44: =HYPERLINK(K44,"↗") -> ↗ | H44: Brouillon prêt | I44: Jauger manuellement | K44: https://gelbooru.com/index.php?page=wiki&s=view&id=32919
A45: 44 | B45: granblue_fantasy | C45: 56334 | D45: Wiki présent | F45: =HYPERLINK(K45,"↗") -> ↗ | G45: 43558.381 | H45: Non traité | I45: Vérifier mise à jour (>5 ans) | K45: https://gelbooru.com/index.php?page=wiki&s=view&id=17668
A46: 45 | B46: street_fighter | C46: 55658 | D46: Wiki présent | F46: =HYPERLINK(K46,"↗") -> ↗ | H46: Non traité | I46: Jauger manuellement | K46: https://gelbooru.com/index.php?page=wiki&s=view&id=1265
A47: 46 | B47: goddess_of_victory:_nikke | C47: 55411 | D47: Wiki présent | F47: =HYPERLINK(K47,"↗") -> ↗ | G47: 46242.969 | H47: Non traité | I47: Aucun besoin évident | K47: https://gelbooru.com/index.php?page=wiki&s=view&id=32687
A48: 47 | B48: neon_genesis_evangelion | C48: 54056 | D48: Wiki présent | F48: =HYPERLINK(K48,"↗") -> ↗ | H48: Non traité | I48: Jauger manuellement | K48: https://gelbooru.com/index.php?page=wiki&s=view&id=5792
A49: 48 | B49: jojo_no_kimyou_na_bouken | C49: 53966 | D49: Wiki présent | F49: =HYPERLINK(K49,"↗") -> ↗ | G49: 45515.917 | H49: Non traité | I49: Aucun besoin évident | K49: https://gelbooru.com/index.php?page=wiki&s=view&id=3604
A50: 49 | B50: bang_dream! | C50: 52888 | D50: Wiki présent | F50: =HYPERLINK(K50,"↗") -> ↗ | G50: 45311.636 | H50: Non traité | I50: Aucun besoin évident | K50: https://gelbooru.com/index.php?page=wiki&s=view&id=24895
A51: 50 | B51: the_legend_of_zelda | C51: 52438 | D51: Wiki présent | F51: =HYPERLINK(K51,"↗") -> ↗ | H51: Non traité | I51: Jauger manuellement | K51: https://gelbooru.com/index.php?page=wiki&s=view&id=3726
A52: 51 | B52: final_fantasy_vii | C52: 52402 | D52: Wiki présent | F52: =HYPERLINK(K52,"↗") -> ↗ | H52: Non traité | I52: Jauger manuellement | K52: https://gelbooru.com/index.php?page=wiki&s=view&id=8513
A53: 52 | B53: wuthering_waves | C53: 52305 | D53: Wiki présent | F53: =HYPERLINK(K53,"↗") -> ↗ | G53: 46247.44 | H53: Brouillon prêt | I53: Aucun besoin évident | K53: https://gelbooru.com/index.php?page=wiki&s=view&id=32929
A54: 53 | B54: mahou_shoujo_madoka_magica_(anime) | C54: 51944 | D54: Wiki absent | H54: Non traité | I54: À créer
A55: 54 | B55: honkai_impact_3rd | C55: 51910 | D55: Wiki présent | F55: =HYPERLINK(K55,"↗") -> ↗ | G55: 46247.4 | H55: Brouillon prêt | I55: Aucun besoin évident | K55: https://gelbooru.com/index.php?page=wiki&s=view&id=32895
A56: 55 | B56: mario_(series) | C56: 49656 | D56: Wiki présent | F56: =HYPERLINK(K56,"↗") -> ↗ | G56: 43063.292 | H56: Non traité | I56: Vérifier mise à jour (>5 ans) | K56: https://gelbooru.com/index.php?page=wiki&s=view&id=22222
A57: 56 | B57: fate/stay_night | C57: 49590 | D57: Wiki présent | F57: =HYPERLINK(K57,"↗") -> ↗ | G57: 44473.354 | H57: Non traité | I57: Aucun besoin évident | K57: https://gelbooru.com/index.php?page=wiki&s=view&id=11930
A58: 57 | B58: chainsaw_man | C58: 49523 | D58: Wiki présent | F58: =HYPERLINK(K58,"↗") -> ↗ | H58: Non traité | I58: Jauger manuellement | K58: https://gelbooru.com/index.php?page=wiki&s=view&id=28785
A59: 58 | B59: pokemon_(anime) | C59: 48401 | D59: Wiki présent | F59: =HYPERLINK(K59,"↗") -> ↗ | G59: 43186.912 | H59: Non traité | I59: Vérifier mise à jour (>5 ans) | K59: https://gelbooru.com/index.php?page=wiki&s=view&id=6889
A60: 59 | B60: my_hero_academia | C60: 47491 | D60: Alias → wiki canonique | E60: boku_no_hero_academia | F60: =HYPERLINK(K60,"↗") -> ↗ | H60: Non traité | I60: Jauger le wiki canonique | J60: boku_no_hero_academia | K60: https://gelbooru.com/index.php?page=wiki&s=view&id=23484
A61: 60 | B61: idolmaster_shiny_colors | C61: 47370 | D61: Wiki présent | F61: =HYPERLINK(K61,"↗") -> ↗ | H61: Brouillon prêt | I61: Jauger manuellement | K61: https://gelbooru.com/index.php?page=wiki&s=view&id=32936
A62: 61 | B62: project_moon | C62: 47039 | D62: Wiki présent | F62: =HYPERLINK(K62,"↗") -> ↗ | G62: 46247.468 | H62: Brouillon prêt | I62: Aucun besoin évident | K62: https://gelbooru.com/index.php?page=wiki&s=view&id=32940
A63: 62 | B63: puella_magi_madoka_magica_(anime) | C63: 45474 | D63: Alias ambigu | H63: Non traité | I63: Contrôle manuel requis | J63: mahou_shoujo_madoka_magica, mahou_shoujo_madoka_magica_(anime)
A64: 63 | B64: bleach | C64: 44622 | D64: Wiki présent | F64: =HYPERLINK(K64,"↗") -> ↗ | H64: Non traité | I64: Jauger manuellement | K64: https://gelbooru.com/index.php?page=wiki&s=view&id=4438
A65: 64 | B65: love_live!_sunshine!! | C65: 44218 | D65: Wiki présent | F65: =HYPERLINK(K65,"↗") -> ↗ | H65: Non traité | I65: Jauger manuellement | K65: https://gelbooru.com/index.php?page=wiki&s=view&id=24002
A66: 65 | B66: league_of_legends | C66: 42784 | D66: Wiki présent | F66: =HYPERLINK(K66,"↗") -> ↗ | G66: 41388.45 | H66: Non traité | I66: Vérifier mise à jour (>5 ans) | K66: https://gelbooru.com/index.php?page=wiki&s=view&id=10666
A67: 66 | B67: pokemon_sword_and_shield | C67: 42776 | D67: Wiki présent | F67: =HYPERLINK(K67,"↗") -> ↗ | G67: 46247.474 | H67: Brouillon prêt | I67: Aucun besoin évident | K67: https://gelbooru.com/index.php?page=wiki&s=view&id=32946
A68: 67 | B68: love_live!_nijigasaki_high_school_idol_club | C68: 41351 | D68: Wiki présent | F68: =HYPERLINK(K68,"↗") -> ↗ | G68: 44776.312 | H68: Non traité | I68: Aucun besoin évident | K68: https://gelbooru.com/index.php?page=wiki&s=view&id=28418
A69: 68 | B69: taimanin_(series) | C69: 41000 | D69: Wiki présent | F69: =HYPERLINK(K69,"↗") -> ↗ | G69: 46014.996 | H69: Non traité | I69: Aucun besoin évident | K69: https://gelbooru.com/index.php?page=wiki&s=view&id=24512
A70: 69 | B70: idolmaster_(classic) | C70: 40212 | D70: Wiki présent | F70: =HYPERLINK(K70,"↗") -> ↗ | G70: 46245.844 | H70: Non traité | I70: Aucun besoin évident | K70: https://gelbooru.com/index.php?page=wiki&s=view&id=32874
A71: 70 | B71: splatoon_(series) | C71: 40058 | D71: Wiki présent | F71: =HYPERLINK(K71,"↗") -> ↗ | G71: 45109.506 | H71: Non traité | I71: Aucun besoin évident | K71: https://gelbooru.com/index.php?page=wiki&s=view&id=26149
A72: 71 | B72: the_king_of_fighters | C72: 40020 | D72: Wiki présent | F72: =HYPERLINK(K72,"↗") -> ↗ | G72: 45971.055 | H72: Non traité | I72: Aucun besoin évident | K72: https://gelbooru.com/index.php?page=wiki&s=view&id=22171
A73: 72 | B73: fire_emblem:_three_houses | C73: 39206 | D73: Wiki absent | H73: Non traité | I73: À créer
A74: 73 | B74: real_life | C74: 38876 | D74: Wiki présent | F74: =HYPERLINK(K74,"↗") -> ↗ | H74: Non traité | I74: Jauger manuellement | K74: https://gelbooru.com/index.php?page=wiki&s=view&id=13153
A75: 74 | B75: fire_emblem_heroes | C75: 37941 | D75: Wiki présent | F75: =HYPERLINK(K75,"↗") -> ↗ | G75: 44309.547 | H75: Non traité | I75: Vérifier mise à jour (>5 ans) | K75: https://gelbooru.com/index.php?page=wiki&s=view&id=22778
A76: 75 | B76: final_fantasy_xiv | C76: 36040 | D76: Wiki absent | H76: Non traité | I76: À créer
A77: 76 | B77: pokemon_sun_and_moon | C77: 36010 | D77: Wiki présent | F77: =HYPERLINK(K77,"↗") -> ↗ | G77: 46247.476 | H77: Brouillon prêt | I77: Aucun besoin évident | K77: https://gelbooru.com/index.php?page=wiki&s=view&id=32947
A78: 77 | B78: idolmaster_million_live! | C78: 35907 | D78: Wiki présent | F78: =HYPERLINK(K78,"↗") -> ↗ | H78: Brouillon prêt | I78: Jauger manuellement | K78: https://gelbooru.com/index.php?page=wiki&s=view&id=32932
A79: 78 | B79: pokemon_scarlet_and_violet | C79: 35775 | D79: Wiki présent | F79: =HYPERLINK(K79,"↗") -> ↗ | G79: 46247.481 | H79: Brouillon prêt | I79: Aucun besoin évident | K79: https://gelbooru.com/index.php?page=wiki&s=view&id=32948
A80: 79 | B80: limbus_company | C80: 35581 | D80: Wiki présent | F80: =HYPERLINK(K80,"↗") -> ↗ | G80: 46247.469 | H80: Brouillon prêt | I80: Aucun besoin évident | K80: https://gelbooru.com/index.php?page=wiki&s=view&id=32944
A81: 80 | B81: xenoblade_chronicles_(series) | C81: 35517 | D81: Wiki présent | F81: =HYPERLINK(K81,"↗") -> ↗ | G81: 46244.02 | H81: Non traité | I81: Aucun besoin évident | K81: https://gelbooru.com/index.php?page=wiki&s=view&id=32711
A82: 81 | B82: naruto_(classic) | C82: 35441 | D82: Wiki présent | F82: =HYPERLINK(K82,"↗") -> ↗ | G82: 46241.256 | H82: Non traité | I82: Aucun besoin évident | K82: https://gelbooru.com/index.php?page=wiki&s=view&id=32636
A83: 82 | B83: bang_dream!_it's_mygo!!!!! | C83: 34906 | D83: Alias → wiki canonique | E83: bang_dream! | F83: =HYPERLINK(K83,"↗") -> ↗ | G83: 45311.636 | H83: Non traité | I83: Alias résolu — contrôler le wiki | J83: bang_dream! | K83: https://gelbooru.com/index.php?page=wiki&s=view&id=24895
A84: 83 | B84: marvel | C84: 34773 | D84: Wiki présent | F84: =HYPERLINK(K84,"↗") -> ↗ | H84: Non traité | I84: Jauger manuellement | K84: https://gelbooru.com/index.php?page=wiki&s=view&id=10171
A85: 84 | B85: senran_kagura | C85: 33674 | D85: Wiki présent | F85: =HYPERLINK(K85,"↗") -> ↗ | G85: 45763.385 | H85: Non traité | I85: Aucun besoin évident | K85: https://gelbooru.com/index.php?page=wiki&s=view&id=18386
A86: 85 | B86: mega_man_(series) | C86: 33299 | D86: Wiki présent | F86: =HYPERLINK(K86,"↗") -> ↗ | G86: 46233.896 | H86: Non traité | I86: Aucun besoin évident | K86: https://gelbooru.com/index.php?page=wiki&s=view&id=32525
A87: 86 | B87: love_live!_school_idol_festival | C87: 33025 | D87: Wiki présent | F87: =HYPERLINK(K87,"↗") -> ↗ | H87: Non traité | I87: Jauger manuellement | K87: https://gelbooru.com/index.php?page=wiki&s=view&id=24212
A88: 87 | B88: princess_connect! | C88: 32220 | D88: Wiki présent | F88: =HYPERLINK(K88,"↗") -> ↗ | H88: Brouillon prêt | I88: Jauger manuellement | K88: https://gelbooru.com/index.php?page=wiki&s=view&id=32949
A89: 88 | B89: jojo's_bizarre_adventure | C89: 32182 | D89: Alias → wiki canonique | E89: jojo_no_kimyou_na_bouken | F89: =HYPERLINK(K89,"↗") -> ↗ | G89: 45515.917 | H89: Non traité | I89: Alias résolu — contrôler le wiki | J89: jojo_no_kimyou_na_bouken | K89: https://gelbooru.com/index.php?page=wiki&s=view&id=3604
A90: 89 | B90: bandori | C90: 31842 | D90: Alias → wiki canonique | E90: bang_dream! | F90: =HYPERLINK(K90,"↗") -> ↗ | G90: 45311.636 | H90: Non traité | I90: Alias résolu — contrôler le wiki | J90: bang_dream! | K90: https://gelbooru.com/index.php?page=wiki&s=view&id=24895
A91: 90 | B91: toaru_majutsu_no_index | C91: 31838 | D91: Wiki présent | F91: =HYPERLINK(K91,"↗") -> ↗ | G91: 46242.988 | H91: Non traité | I91: Aucun besoin évident | K91: https://gelbooru.com/index.php?page=wiki&s=view&id=32689
A92: 91 | B92: k-on! | C92: 31318 | D92: Wiki présent | F92: =HYPERLINK(K92,"↗") -> ↗ | H92: Non traité | I92: Jauger manuellement | K92: https://gelbooru.com/index.php?page=wiki&s=view&id=4143
A93: 92 | B93: bocchi_the_rock! | C93: 31234 | D93: Wiki présent | F93: =HYPERLINK(K93,"↗") -> ↗ | G93: 46031.531 | H93: Non traité | I93: Aucun besoin évident | K93: https://gelbooru.com/index.php?page=wiki&s=view&id=28989
A94: 93 | B94: love_live!_hasu_no_sora_jogakuin_school_idol_club | C94: 30768 | D94: Wiki absent | H94: Non traité | I94: À créer
A95: 94 | B95: tales_of_(series) | C95: 30580 | D95: Wiki présent | F95: =HYPERLINK(K95,"↗") -> ↗ | G95: 42771.195 | H95: Non traité | I95: Vérifier mise à jour (>5 ans) | K95: https://gelbooru.com/index.php?page=wiki&s=view&id=12181
A96: 95 | B96: ragnarok_online | C96: 30516 | D96: Wiki présent | F96: =HYPERLINK(K96,"↗") -> ↗ | G96: 41073.46 | H96: Non traité | I96: Vérifier mise à jour (>5 ans) | K96: https://gelbooru.com/index.php?page=wiki&s=view&id=7113
A97: 96 | B97: snk | C97: 30324 | D97: Wiki présent | F97: =HYPERLINK(K97,"↗") -> ↗ | G97: 41642.239 | H97: Non traité | I97: Vérifier mise à jour (>5 ans) | K97: https://gelbooru.com/index.php?page=wiki&s=view&id=6222
A98: 97 | B98: world_witches_series | C98: 29252 | D98: Wiki présent | F98: =HYPERLINK(K98,"↗") -> ↗ | G98: 46247.496 | H98: Brouillon prêt | I98: Aucun besoin évident | K98: https://gelbooru.com/index.php?page=wiki&s=view&id=32952
A99: 98 | B99: bishoujo_senshi_sailor_moon | C99: 29120 | D99: Wiki présent | F99: =HYPERLINK(K99,"↗") -> ↗ | H99: Non traité | I99: Jauger manuellement | K99: https://gelbooru.com/index.php?page=wiki&s=view&id=1831
A100: 99 | B100: dragon_quest | C100: 29087 | D100: Wiki présent | F100: =HYPERLINK(K100,"↗") -> ↗ | H100: Non traité | I100: Jauger manuellement | K100: https://gelbooru.com/index.php?page=wiki&s=view&id=75
...

Sheet Rangs 201-300
A1: Rang | B1: Tag copyright | C1: Images | D1: État du wiki | E1: Alias canonique | F1: Lien wiki (↗) | G1: Dernière mise à jour | H1: Travail local | I1: Action conseillée | J1: Candidats / remarque | K1: URL du wiki (secours)
A2: 201 | B2: botw | C2: 14444 | D2: Wiki présent | H2: Non traité | I2: Contrôle manuel requis | J2: nintendo, the_legend_of_zelda, the_legend_of_zelda:_breath_of_the_wild | K2: https://gelbooru.com/index.php?page=wiki&s=&s=view&id=19919
A3: 202 | B3: taimanin_rpgx | C3: 14439 | D3: Wiki absent | H3: Non traité | I3: À créer
A4: 203 | B4: dragon_ball_super | C4: 14378 | D4: Wiki présent | F4: =HYPERLINK(K4,"↗") -> ↗ | H4: Brouillon prêt | I4: Jauger manuellement | K4: https://gelbooru.com/index.php?page=wiki&s=view&id=22079
A5: 204 | B5: queen's_blade | C5: 14228 | D5: Wiki présent | F5: =HYPERLINK(K5,"↗") -> ↗ | H5: Non traité | I5: Jauger manuellement | K5: https://gelbooru.com/index.php?page=wiki&s=view&id=9533
A6: 205 | B6: zzz_(game) | C6: 14227 | D6: Alias → wiki canonique | E6: zenless_zone_zero | F6: =HYPERLINK(K6,"↗") -> ↗ | G6: 46245.274 | H6: Non traité | I6: Alias résolu — contrôler le wiki | J6: zenless_zone_zero | K6: https://gelbooru.com/index.php?page=wiki&s=view&id=31590
A7: 206 | B7: idolmaster_million_live!_theater_days | C7: 14117 | D7: Wiki présent | F7: =HYPERLINK(K7,"↗") -> ↗ | G7: 46247.462 | H7: Brouillon prêt | I7: Aucun besoin évident | K7: https://gelbooru.com/index.php?page=wiki&s=view&id=32933
A8: 207 | B8: cardcaptor_sakura | C8: 14077 | D8: Wiki présent | F8: =HYPERLINK(K8,"↗") -> ↗ | H8: Non traité | I8: mise à jour | J8: mettre à jour, faire les fiches personnages. | K8: https://gelbooru.com/index.php?page=wiki&s=view&id=20937
A9: 208 | B9: dungeon_meshi | C9: 14072 | D9: Wiki présent | F9: =HYPERLINK(K9,"↗") -> ↗ | G9: 46194.858 | H9: Non traité | I9: Aucun besoin évident | K9: https://gelbooru.com/index.php?page=wiki&s=view&id=31907
A10: 209 | B10: eiyuu_densetsu | C10: 13937 | D10: Wiki absent | H10: Non traité | I10: À créer
A11: 210 | B11: garou_(game_series) | C11: 13936 | D11: Alias → wiki canonique | E11: fatal_fury | F11: =HYPERLINK(K11,"↗") -> ↗ | G11: 41559.342 | H11: Non traité | I11: mise à jour | J11: fatal_fury | K11: https://gelbooru.com/index.php?page=wiki&s=view&id=12224
A12: 211 | B12: one-punch_man | C12: 13874 | D12: Wiki présent | F12: =HYPERLINK(K12,"↗") -> ↗ | G12: 44805.799 | H12: Non traité | I12: Aucun besoin évident | K12: https://gelbooru.com/index.php?page=wiki&s=view&id=19056
A13: 212 | B13: rebuild_of_evangelion | C13: 13846 | D13: Wiki présent | F13: =HYPERLINK(K13,"↗") -> ↗ | G13: 44264.47 | H13: Non traité | I13: Aucun besoin évident | K13: https://gelbooru.com/index.php?page=wiki&s=view&id=9172
A14: 213 | B14: super_mario_bros._1 | C14: 13813 | D14: Alias → wiki canonique | E14: super_mario_bros | H14: Non traité | I14: Aucun besoin évident | K14: https://gelbooru.com/index.php?page=wiki&s=view&id=56
A15: 214 | B15: to_love-ru | C15: 13752 | D15: Wiki présent | F15: =HYPERLINK(K15,"↗") -> ↗ | H15: Non traité | I15: mise à jour | K15: https://gelbooru.com/index.php?page=wiki&s=view&id=24533
A16: 215 | B16: samurai_spirits | C16: 13632 | D16: Wiki présent | F16: =HYPERLINK(K16,"↗") -> ↗ | G16: 42183.69 | H16: Non traité | I16: mise à jour | K16: https://gelbooru.com/index.php?page=wiki&s=view&id=17035
A17: 216 | B17: tengen_toppa_gurren_lagann | C17: 13581 | D17: Wiki présent | F17: =HYPERLINK(K17,"↗") -> ↗ | H17: Non traité | I17: mise à jour | K17: https://gelbooru.com/index.php?page=wiki&s=view&id=30
A18: 217 | B18: elden_ring | C18: 13393 | D18: Wiki présent | F18: =HYPERLINK(K18,"↗") -> ↗ | G18: 46247.417 | H18: Non traité | I18: Aucun besoin évident | K18: https://gelbooru.com/index.php?page=wiki&s=view&id=32903
A19: 218 | B19: vspo! | C19: 13326 | D19: Wiki présent | F19: =HYPERLINK(K19,"↗") -> ↗ | G19: 45807.391 | H19: Non traité | I19: Aucun besoin évident | K19: https://gelbooru.com/index.php?page=wiki&s=view&id=30668
A20: 219 | B20: saibou_shinkyoku | C20: 13271 | D20: Wiki absent | H20: Non traité | I20: À créer
A21: 220 | B21: fire_emblem_engage | C21: 13225 | D21: Wiki absent | H21: Non traité | I21: À créer
A22: 221 | B22: kamen_rider | C22: 13189 | D22: Wiki présent | F22: =HYPERLINK(K22,"↗") -> ↗ | H22: Non traité | I22: Aucun besoin évident | K22: https://gelbooru.com/index.php?page=wiki&s=view&id=14356
A23: 222 | B23: magia_record:_mahou_shoujo_madoka_magica_gaiden | C23: 13092 | D23: Wiki absent | H23: Non traité | I23: À créer | J23: le central existe, mais verrouillé https://gelbooru.com/index.php?page=wiki&s=view&id=2689
A24: 223 | B24: senki_zesshou_symphogear | C24: 12967 | D24: Wiki absent | H24: Non traité | I24: À créer
A25: 224 | B25: umineko_no_naku_koro_ni | C25: 12955 | D25: Wiki absent | H25: Non traité | I25: À créer
A26: 225 | B26: love_live!_hasunosora_jogakuin_school_idol_club | C26: 12914 | D26: Alias ambigu | H26: Non traité | I26: Aucun besoin évident | J26: love_live!, love_live!_hasu_no_sora_jogakuin_school_idol_club
A27: 226 | B27: alien_stage | C27: 12889 | D27: Wiki absent | H27: Non traité | I27: À créer
A28: 227 | B28: ensemble_stars! | C28: 12770 | D28: Wiki présent | F28: =HYPERLINK(K28,"↗") -> ↗ | G28: 44607.922 | H28: Non traité | I28: Aucun besoin évident | K28: https://gelbooru.com/index.php?page=wiki&s=view&id=27979
A29: 228 | B29: mahou_shoujo_lyrical_nanoha_strikers | C29: 12726 | D29: Wiki présent | F29: =HYPERLINK(K29,"↗") -> ↗ | H29: Déjà publié (uploaded) | I29: Aucun besoin évident | K29: https://gelbooru.com/index.php?page=wiki&s=view&id=32757
A30: 229 | B30: panty_&_stocking_with_garterbelt | C30: 12590 | D30: Wiki présent | F30: =HYPERLINK(K30,"↗") -> ↗ | G30: 45924.47 | H30: Non traité | I30: Aucun besoin évident | K30: https://gelbooru.com/index.php?page=wiki&s=view&id=722
A31: 230 | B31: boruto:_naruto_next_generations | C31: 12571 | D31: Wiki présent | F31: =HYPERLINK(K31,"↗") -> ↗ | G31: 46246.541 | H31: Non traité | I31: Aucun besoin évident | K31: https://gelbooru.com/index.php?page=wiki&s=view&id=32884
A32: 231 | B32: pokemon_heartgold_and_soulsilver | C32: 12533 | D32: Wiki absent | H32: Non traité | I32: À créer
A33: 232 | B33: atelier_(series) | C33: 12454 | D33: Wiki absent | H33: Non traité | I33: À créer
A34: 233 | B34: overwatch_1 | C34: 12359 | D34: Alias → wiki canonique | E34: overwatch | H34: Non traité | I34: Aucun besoin évident | J34: overwatch | K34: https://gelbooru.com/index.php?page=wiki&s=&s=view&id=32970
A35: 234 | B35: gundam_suisei_no_majo | C35: 12159 | D35: Wiki présent | F35: =HYPERLINK(K35,"↗") -> ↗ | G35: 45233.225 | H35: Non traité | I35: Aucun besoin évident | K35: https://gelbooru.com/index.php?page=wiki&s=view&id=28939
A36: 235 | B36: tekken | C36: 12140 | D36: Wiki présent | F36: =HYPERLINK(K36,"↗") -> ↗ | H36: Non traité | I36: Jauger manuellement | K36: https://gelbooru.com/index.php?page=wiki&s=view&id=4049
A37: 236 | B37: boruto_(series) | C37: 12118 | D37: Wiki présent | F37: =HYPERLINK(K37,"↗") -> ↗ | G37: 46241.263 | H37: Non traité | I37: Aucun besoin évident | K37: https://gelbooru.com/index.php?page=wiki&s=view&id=32637
A38: 237 | B38: last_origin | C38: 11930 | D38: Wiki présent | F38: =HYPERLINK(K38,"↗") -> ↗ | G38: 44305.803 | H38: Non traité | I38: Vérifier mise à jour (>5 ans) | K38: https://gelbooru.com/index.php?page=wiki&s=view&id=27150
A39: 238 | B39: bang_dream!_ave_mujica | C39: 11877 | D39: Alias → wiki canonique | E39: bang_dream! | F39: =HYPERLINK(K39,"↗") -> ↗ | G39: 45311.636 | H39: Non traité | I39: Alias résolu — contrôler le wiki | J39: bang_dream! | K39: https://gelbooru.com/index.php?page=wiki&s=view&id=24895
A40: 239 | B40: rozen_maiden | C40: 11860 | D40: Wiki absent | H40: Non traité | I40: À créer
A41: 240 | B41: axis_powers_hetalia | C41: 11843 | D41: Wiki présent | F41: =HYPERLINK(K41,"↗") -> ↗ | G41: 40413.838 | H41: Non traité | I41: Vérifier mise à jour (>5 ans) | K41: https://gelbooru.com/index.php?page=wiki&s=view&id=224
A42: 241 | B42: cookie_(touhou) | C42: 11816 | D42: Wiki présent | F42: =HYPERLINK(K42,"↗") -> ↗ | G42: 42914.698 | H42: Non traité | I42: Vérifier mise à jour (>5 ans) | K42: https://gelbooru.com/index.php?page=wiki&s=view&id=19898
A43: 242 | B43: assault_lily | C43: 11760 | D43: Wiki absent | H43: Non traité | I43: À créer
A44: 243 | B44: guilty_gear_strive | C44: 11720 | D44: Wiki présent | F44: =HYPERLINK(K44,"↗") -> ↗ | G44: 46244.038 | H44: Non traité | I44: Aucun besoin évident | K44: https://gelbooru.com/index.php?page=wiki&s=view&id=32713
A45: 244 | B45: pokemon_omega_ruby_and_alpha_sapphire | C45: 11687 | D45: Wiki absent | H45: Non traité | I45: À créer
A46: 245 | B46: fate/extra_ccc | C46: 11609 | D46: Wiki absent | H46: Non traité | I46: À créer
A47: 246 | B47: macross | C47: 11475 | D47: Wiki présent | F47: =HYPERLINK(K47,"↗") -> ↗ | H47: Non traité | I47: Jauger manuellement | K47: https://gelbooru.com/index.php?page=wiki&s=view&id=8995
A48: 247 | B48: pokemon_(classic_anime) | C48: 11450 | D48: Wiki présent | F48: =HYPERLINK(K48,"↗") -> ↗ | G48: 46242.885 | H48: Non traité | I48: Aucun besoin évident | K48: https://gelbooru.com/index.php?page=wiki&s=view&id=32686
A49: 248 | B49: girls_band_cry | C49: 11390 | D49: Wiki absent | H49: Non traité | I49: À créer
A50: 249 | B50: pokemon_legends:_arceus | C50: 11383 | D50: Wiki absent | H50: Non traité | I50: À créer
A51: 250 | B51: pretty_series | C51: 11378 | D51: Wiki absent | H51: Non traité | I51: À créer
A52: 251 | B52: pokemon_masters_ex | C52: 11373 | D52: Wiki absent | H52: Non traité | I52: À créer
A53: 252 | B53: animal_crossing | C53: 11365 | D53: Wiki présent | F53: =HYPERLINK(K53,"↗") -> ↗ | G53: 44207.547 | H53: Non traité | I53: Vérifier mise à jour (>5 ans) | K53: https://gelbooru.com/index.php?page=wiki&s=view&id=16134
A54: 253 | B54: mahou_shoujo_no_majo_saiban | C54: 11243 | D54: Wiki présent | F54: =HYPERLINK(K54,"↗") -> ↗ | G54: 46247.868 | H54: Non traité | I54: Aucun besoin évident | K54: https://gelbooru.com/index.php?page=wiki&s=view&id=33031
A55: 254 | B55: street_fighter_6 | C55: 11235 | D55: Wiki présent | F55: =HYPERLINK(K55,"↗") -> ↗ | G55: 46180.244 | H55: Non traité | I55: Aucun besoin évident | K55: https://gelbooru.com/index.php?page=wiki&s=view&id=28425
A56: 255 | B56: mushoku_tensei | C56: 11233 | D56: Wiki présent | F56: =HYPERLINK(K56,"↗") -> ↗ | G56: 46243.14 | H56: Non traité | I56: Aucun besoin évident | K56: https://gelbooru.com/index.php?page=wiki&s=view&id=32700
A57: 256 | B57: hololive_indonesia | C57: 11161 | D57: Wiki présent | F57: =HYPERLINK(K57,"↗") -> ↗ | G57: 44643.916 | H57: Non traité | I57: Aucun besoin évident | K57: https://gelbooru.com/index.php?page=wiki&s=view&id=26825
A58: 257 | B58: the_hundred_line_-last_defense_academy- | C58: 11110 | D58: Wiki absent | H58: Non traité | I58: À créer
A59: 258 | B59: nikki_(series) | C59: 10979 | D59: Wiki absent | H59: Non traité | I59: À créer
A60: 259 | B60: undertale | C60: 10908 | D60: Wiki présent | F60: =HYPERLINK(K60,"↗") -> ↗ | G60: 45824.355 | H60: Non traité | I60: Aucun besoin évident | K60: https://gelbooru.com/index.php?page=wiki&s=view&id=19096
A61: 260 | B61: gridman_universe | C61: 10758 | D61: Wiki absent | H61: Non traité | I61: À créer
A62: 261 | B62: splatoon_3 | C62: 10724 | D62: Wiki absent | H62: Non traité | I62: À créer
A63: 262 | B63: smile_precure! | C63: 10464 | D63: Wiki présent | F63: =HYPERLINK(K63,"↗") -> ↗ | G63: 42382.933 | H63: Non traité | I63: Vérifier mise à jour (>5 ans) | K63: https://gelbooru.com/index.php?page=wiki&s=view&id=18912
A64: 263 | B64: bakemonogatari | C64: 10449 | D64: Wiki présent | F64: =HYPERLINK(K64,"↗") -> ↗ | G64: 41115.732 | H64: Non traité | I64: Vérifier mise à jour (>5 ans) | K64: https://gelbooru.com/index.php?page=wiki&s=view&id=7661
A65: 264 | B65: ace_attorney | C65: 10401 | D65: Wiki absent | H65: Non traité | I65: À créer
A66: 265 | B66: hunter_x_hunter | C66: 10299 | D66: Wiki présent | F66: =HYPERLINK(K66,"↗") -> ↗ | G66: 46242.776 | H66: Non traité | I66: Aucun besoin évident | K66: https://gelbooru.com/index.php?page=wiki&s=view&id=32684
A67: 266 | B67: lycoris_recoil | C67: 10233 | D67: Wiki présent | F67: =HYPERLINK(K67,"↗") -> ↗ | G67: 45802.192 | H67: Non traité | I67: Aucun besoin évident | K67: https://gelbooru.com/index.php?page=wiki&s=view&id=28598
A68: 267 | B68: breath_of_the_wild | C68: 10231 | D68: Alias ambigu | H68: Non traité | I68: Contrôle manuel requis | J68: nintendo, the_legend_of_zelda, the_legend_of_zelda:_breath_of_the_wild
A69: 268 | B69: inazuma_eleven | C69: 10138 | D69: Wiki présent | F69: =HYPERLINK(K69,"↗") -> ↗ | H69: Non traité | I69: Jauger manuellement | K69: https://gelbooru.com/index.php?page=wiki&s=view&id=4637
A70: 269 | B70: taimanin_asagi_kessen_arena | C70: 10097 | D70: Wiki absent | H70: Non traité | I70: À créer
A71: 270 | B71: disgaea | C71: 10094 | D71: Wiki présent | F71: =HYPERLINK(K71,"↗") -> ↗ | G71: 42241.88 | H71: Non traité | I71: Vérifier mise à jour (>5 ans) | K71: https://gelbooru.com/index.php?page=wiki&s=view&id=16527
A72: 271 | B72: sono_bisque_doll_wa_koi_wo_suru | C72: 9995 | D72: Wiki présent | F72: =HYPERLINK(K72,"↗") -> ↗ | G72: 45746.133 | H72: Non traité | I72: Aucun besoin évident | K72: https://gelbooru.com/index.php?page=wiki&s=view&id=27911
A73: 272 | B73: steins;gate | C73: 9987 | D73: Wiki présent | F73: =HYPERLINK(K73,"↗") -> ↗ | H73: Brouillon prêt | I73: Jauger manuellement | K73: https://gelbooru.com/index.php?page=wiki&s=view&id=32979
A74: 273 | B74: deltarune | C74: 9970 | D74: Wiki présent | F74: =HYPERLINK(K74,"↗") -> ↗ | G74: 46247.547 | H74: Brouillon prêt | I74: Aucun besoin évident | K74: https://gelbooru.com/index.php?page=wiki&s=view&id=32974
A75: 274 | B75: yu-gi-oh!_duel_monsters | C75: 9942 | D75: Wiki présent | F75: =HYPERLINK(K75,"↗") -> ↗ | G75: 46246.903 | H75: Non traité | I75: Aucun besoin évident | K75: https://gelbooru.com/index.php?page=wiki&s=view&id=32891
A76: 275 | B76: onii-chan_wa_oshimai! | C76: 9880 | D76: Wiki absent | H76: Non traité | I76: À créer
A77: 276 | B77: the_legend_of_zelda:_tears_of_the_kingdom | C77: 9840 | D77: Wiki présent | F77: =HYPERLINK(K77,"↗") -> ↗ | G77: 45122.41 | H77: Non traité | I77: Aucun besoin évident | K77: https://gelbooru.com/index.php?page=wiki&s=view&id=29270
A78: 277 | B78: yuruyuri | C78: 9769 | D78: Wiki absent | H78: Non traité | I78: À créer
A79: 278 | B79: hololive_dev_is | C79: 9754 | D79: Wiki présent | F79: =HYPERLINK(K79,"↗") -> ↗ | G79: 45606.401 | H79: Non traité | I79: Aucun besoin évident | K79: https://gelbooru.com/index.php?page=wiki&s=view&id=29406
A80: 279 | B80: nitroplus | C80: 9706 | D80: Wiki présent | F80: =HYPERLINK(K80,"↗") -> ↗ | G80: 42302.765 | H80: Non traité | I80: Vérifier mise à jour (>5 ans) | K80: https://gelbooru.com/index.php?page=wiki&s=view&id=6448
A81: 280 | B81: helltaker | C81: 9630 | D81: Wiki présent | F81: =HYPERLINK(K81,"↗") -> ↗ | G81: 44307.019 | H81: Non traité | I81: Vérifier mise à jour (>5 ans) | K81: https://gelbooru.com/index.php?page=wiki&s=view&id=27213
A82: 281 | B82: aikatsu!_(series) | C82: 9612 | D82: Wiki présent | F82: =HYPERLINK(K82,"↗") -> ↗ | G82: 46244.153 | H82: Non traité | I82: Aucun besoin évident | K82: https://gelbooru.com/index.php?page=wiki&s=view&id=32723
A83: 282 | B83: heaven_burns_red | C83: 9592 | D83: Wiki absent | H83: Non traité | I83: À créer
A84: 283 | B84: cho_kaguya-hime! | C84: 9558 | D84: Wiki présent | F84: =HYPERLINK(K84,"↗") -> ↗ | G84: 46056.351 | H84: Non traité | I84: Aucun besoin évident | K84: https://gelbooru.com/index.php?page=wiki&s=view&id=31084
A85: 284 | B85: totk | C85: 9554 | D85: Alias ambigu | H85: Non traité | I85: Contrôle manuel requis | J85: nintendo, the_legend_of_zelda, the_legend_of_zelda:_tears_of_the_kingdom
A86: 285 | B86: ore_no_imouto_ga_konna_ni_kawaii_wake_ga_nai | C86: 9495 | D86: Wiki présent | F86: =HYPERLINK(K86,"↗") -> ↗ | G86: 42514.565 | H86: Non traité | I86: Vérifier mise à jour (>5 ans) | K86: https://gelbooru.com/index.php?page=wiki&s=view&id=713
A87: 286 | B87: girls'_frontline_2:_exilium | C87: 9483 | D87: Wiki présent | F87: =HYPERLINK(K87,"↗") -> ↗ | G87: 46244.16 | H87: Non traité | I87: Aucun besoin évident | K87: https://gelbooru.com/index.php?page=wiki&s=view&id=32724
A88: 287 | B88: oshi_no_ko | C88: 9342 | D88: Wiki présent | F88: =HYPERLINK(K88,"↗") -> ↗ | G88: 45613.055 | H88: Non traité | I88: Aucun besoin évident | K88: https://gelbooru.com/index.php?page=wiki&s=view&id=29131
A89: 288 | B89: dungeon_ni_deai_wo_motomeru_no_wa_machigatteiru_darou_ka | C89: 9216 | D89: Wiki présent | F89: =HYPERLINK(K89,"↗") -> ↗ | G89: 42124.727 | H89: Non traité | I89: Vérifier mise à jour (>5 ans) | K89: https://gelbooru.com/index.php?page=wiki&s=view&id=16708
A90: 289 | B90: spider-man_(series) | C90: 9194 | D90: Wiki absent | H90: Non traité | I90: À créer
A91: 290 | B91: kaguya-sama_wa_kokurasetai_~tensai-tachi_no_renai_zunousen~ | C91: 9172 | D91: Wiki absent | H91: Non traité | I91: À créer
A92: 291 | B92: kingdom_hearts | C92: 9167 | D92: Wiki présent | F92: =HYPERLINK(K92,"↗") -> ↗ | H92: Non traité | I92: Jauger manuellement | K92: https://gelbooru.com/index.php?page=wiki&s=view&id=4372
A93: 292 | B93: ssss.gridman | C93: 9128 | D93: Wiki absent | H93: Non traité | I93: À créer
A94: 293 | B94: pokemon_ruby/sapphire/emerald | C94: 9077 | D94: Wiki absent | H94: Non traité | I94: À créer
A95: 294 | B95: kemono_friends_v_project | C95: 8986 | D95: Wiki présent | F95: =HYPERLINK(K95,"↗") -> ↗ | G95: 45272.977 | H95: Non traité | I95: Aucun besoin évident | K95: https://gelbooru.com/index.php?page=wiki&s=view&id=28119
A96: 295 | B96: miss_kobayashi's_dragon_maid | C96: 8928 | D96: Alias → wiki canonique | E96: kobayashi-san_chi_no_maidragon | F96: =HYPERLINK(K96,"↗") -> ↗ | G96: 44402.074 | H96: Non traité | I96: Vérifier le wiki canonique (>5 ans) | J96: kobayashi-san_chi_no_maidragon | K96: https://gelbooru.com/index.php?page=wiki&s=view&id=21141
A97: 296 | B97: gundam_seed | C97: 8807 | D97: Wiki présent | F97: =HYPERLINK(K97,"↗") -> ↗ | H97: Non traité | I97: Jauger manuellement | K97: https://gelbooru.com/index.php?page=wiki&s=view&id=14557
A98: 297 | B98: punishing:_gray_raven | C98: 8793 | D98: Wiki présent | F98: =HYPERLINK(K98,"↗") -> ↗ | G98: 46243.015 | H98: Brouillon prêt | I98: Aucun besoin évident | K98: https://gelbooru.com/index.php?page=wiki&s=view&id=32692
A99: 298 | B99: taimanin_yukikaze | C99: 8721 | D99: Wiki présent | F99: =HYPERLINK(K99,"↗") -> ↗ | G99: 42319.017 | H99: Non traité | I99: Vérifier mise à jour (>5 ans) | K99: https://gelbooru.com/index.php?page=wiki&s=view&id=7182
A100: 299 | B100: dragon_ball_z | C100: 8712 | D100: Wiki présent | F100: =HYPERLINK(K100,"↗") -> ↗ | H100: Brouillon prêt | I100: Jauger manuellement | K100: https://gelbooru.com/index.php?page=wiki&s=view&id=20843
...

Sheet À traiter
A1: Rang | B1: Tag copyright | C1: Images | D1: État du wiki | E1: Alias canonique | F1: Lien wiki (↗) | G1: Dernière mise à jour | H1: Travail local | I1: Action conseillée | J1: Candidats / remarque | K1: URL du wiki (secours)
A2: 53 | B2: mahou_shoujo_madoka_magica_(anime) | C2: 51944 | D2: Wiki absent | H2: Non traité | I2: À créer
A3: 72 | B3: fire_emblem:_three_houses | C3: 39206 | D3: Wiki absent | H3: Non traité | I3: À créer
A4: 75 | B4: final_fantasy_xiv | C4: 36040 | D4: Wiki absent | H4: Non traité | I4: À créer
A5: 93 | B5: love_live!_hasu_no_sora_jogakuin_school_idol_club | C5: 30768 | D5: Wiki absent | H5: Non traité | I5: À créer
A6: 100 | B6: fire_emblem_fates | C6: 28967 | D6: Wiki absent | H6: Non traité | I6: À créer
A7: 114 | B7: xenoblade_chronicles_2 | C7: 25954 | D7: Wiki absent | H7: Non traité | I7: À créer
A8: 116 | B8: utau | C8: 25281 | D8: Wiki absent | H8: Non traité | I8: À créer
A9: 142 | B9: pokemon_x_and_y | C9: 21074 | D9: Wiki absent | H9: Non traité | I9: À créer
A10: 167 | B10: pokemon_black_2_and_white_2 | C10: 17359 | D10: Wiki absent | H10: Non traité | I10: À créer
A11: 170 | B11: nijisanji_en | C11: 16838 | D11: Wiki absent | H11: Non traité | I11: À créer
A12: 173 | B12: bang_dream!_girls_band_party! | C12: 16686 | D12: Wiki absent | H12: Non traité | I12: À créer
A13: 178 | B13: tsukihime | C13: 16417 | D13: Wiki absent | H13: Non traité | I13: À créer
... A50: 32 | B50: gfl | C50: 77205 | D50: Wiki absent / aucun alias commun | H50: Non traité | I50: Contrôle manuel requis
A51: 62 | B51: puella_magi_madoka_magica_(anime) | C51: 45474 | D51: Alias ambigu | H51: Non traité | I51: Contrôle manuel requis | J51: mahou_shoujo_madoka_magica, mahou_shoujo_madoka_magica_(anime)
A52: 105 | B52: link!_like!_love_live! | C52: 28196 | D52: Alias ambigu | H52: Non traité | I52: Contrôle manuel requis | J52: love_live!, love_live!_hasu_no_sora_jogakuin_school_idol_club
A53: 113 | B53: ffvii | C53: 26035 | D53: Alias ambigu | H53: Non traité | I53: Contrôle manuel requis | J53: final_fantasy, final_fantasy_vii
A54: 164 | B54: ffxiv | C54: 17740 | D54: Alias ambigu | H54: Non traité | I54: Contrôle manuel requis | J54: final_fantasy, final_fantasy_xiv
A55: 171 | B55: dbz | C55: 16818 | D55: Échantillon insuffisant | H55: Non traité | I55: Contrôle manuel requis
A56: 201 | B56: botw | C56: 14444 | D56: Alias ambigu | H56: Non traité | I56: Contrôle manuel requis | J56: nintendo, the_legend_of_zelda, the_legend_of_zelda:_breath_of_the_wild
A57: 225 | B57: love_live!_hasunosora_jogakuin_school_idol_club | C57: 12914 | D57: Alias ambigu | H57: Non traité | I57: Contrôle manuel requis | J57: love_live!, love_live!_hasu_no_sora_jogakuin_school_idol_club
A58: 267 | B58: breath_of_the_wild | C58: 10231 | D58: Alias ambigu | H58: Non traité | I58: Contrôle manuel requis | J58: nintendo, the_legend_of_zelda, the_legend_of_zelda:_breath_of_the_wild
A59: 284 | B59: totk | C59: 9554 | D59: Alias ambigu | H59: Non traité | I59: Contrôle manuel requis | J59: nintendo, the_legend_of_zelda, the_legend_of_zelda:_tears_of_the_kingdom
A60: 2 | B60: touhou | C60: 1009014 | D60: Wiki présent | F60: =HYPERLINK(K60,"↗") -> ↗ | H60: Non traité | I60: Jauger manuellement | K60: https://gelbooru.com/index.php?page=wiki&s=view&id=33
A61: 3 | B61: nintendo | C61: 895770 | D61: Wiki présent | F61: =HYPERLINK(K61,"↗") -> ↗ | H61: Non traité | I61: Jauger manuellement | K61: https://gelbooru.com/index.php?page=wiki&s=view&id=6035
A62: 4 | B62: pokemon | C62: 533357 | D62: Wiki présent | F62: =HYPERLINK(K62,"↗") -> ↗ | H62: Non traité | I62: Jauger manuellement | K62: https://gelbooru.com/index.php?page=wiki&s=view&id=6888
A63: 5 | B63: kantai_collection | C63: 515188 | D63: Wiki présent | F63: =HYPERLINK(K63,"↗") -> ↗ | G63: 42100.807 | H63: Non traité | I63: Vérifier mise à jour (>5 ans) | K63: https://gelbooru.com/index.php?page=wiki&s=view&id=11215
A64: 8 | B64: hololive | C64: 325946 | D64: Wiki présent | F64: =HYPERLINK(K64,"↗") -> ↗ | H64: Non traité | I64: Jauger manuellement | K64: https://gelbooru.com/index.php?page=wiki&s=view&id=26117
A65: 11 | B65: idolmaster | C65: 303464 | D65: Wiki présent | F65: =HYPERLINK(K65,"↗") -> ↗ | H65: Brouillon prêt | I65: Jauger manuellement | K65: https://gelbooru.com/index.php?page=wiki&s=view&id=436
A66: 12 | B66: arknights | C66: 220474 | D66: Wiki présent | F66: =HYPERLINK(K66,"↗") -> ↗ | H66: Non traité | I66: Jauger manuellement | K66: https://gelbooru.com/index.php?page=wiki&s=view&id=26560
A67: 13 | B67: vocaloid | C67: 216903 | D67: Wiki présent | F67: =HYPERLINK(K67,"↗") -> ↗ | G67: 42700.183 | H67: Non traité | I67: Vérifier mise à jour (>5 ans) | K67: https://gelbooru.com/index.php?page=wiki&s=view&id=2179
A68: 14 | B68: umamusume | C68: 203874 | D68: Wiki présent | F68: =HYPERLINK(K68,"↗") -> ↗ | H68: Non traité | I68: Jauger manuellement | K68: https://gelbooru.com/index.php?page=wiki&s=view&id=22977
A69: 15 | B69: love_live! | C69: 190930 | D69: Wiki présent | F69: =HYPERLINK(K69,"↗") -> ↗ | H69: Non traité | I69: Jauger manuellement | K69: https://gelbooru.com/index.php?page=wiki&s=view&id=28419
A70: 18 | B70: fire_emblem | C70: 155059 | D70: Wiki présent | F70: =HYPERLINK(K70,"↗") -> ↗ | H70: Non traité | I70: Jauger manuellement | K70: https://gelbooru.com/index.php?page=wiki&s=view&id=22598
A71: 19 | B71: idolmaster_cinderella_girls | C71: 146653 | D71: Wiki présent | F71: =HYPERLINK(K71,"↗") -> ↗ | H71: Brouillon prêt | I71: Jauger manuellement | K71: https://gelbooru.com/index.php?page=wiki&s=view&id=12488
A72: 20 | B72: digimon | C72: 137090 | D72: Wiki présent | F72: =HYPERLINK(K72,"↗") -> ↗ | H72: Non traité | I72: Jauger manuellement | K72: https://gelbooru.com/index.php?page=wiki&s=view&id=11536
A73: 21 | B73: final_fantasy | C73: 131320 | D73: Wiki présent | F73: =HYPERLINK(K73,"↗") -> ↗ | H73: Non traité | I73: Jauger manuellement | K73: https://gelbooru.com/index.php?page=wiki&s=view&id=2341
A74: 24 | B74: one_piece | C74: 110327 | D74: Wiki présent | F74: =HYPERLINK(K74,"↗") -> ↗ | H74: Non traité | I74: Jauger manuellement | K74: https://gelbooru.com/index.php?page=wiki&s=view&id=229
A75: 28 | B75: gundam | C75: 84694 | D75: Wiki présent | F75: =HYPERLINK(K75,"↗") -> ↗ | H75: Non traité | I75: Jauger manuellement | K75: https://gelbooru.com/index.php?page=wiki&s=view&id=12503
A76: 29 | B76: girls'_frontline | C76: 81059 | D76: Wiki présent | F76: =HYPERLINK(K76,"↗") -> ↗ | H76: Non traité | I76: Jauger manuellement | K76: https://gelbooru.com/index.php?page=wiki&s=view&id=32678
A77: 30 | B77: girls_und_panzer | C77: 80341 | D77: Wiki présent | F77: =HYPERLINK(K77,"↗") -> ↗ | G77: 44271.42 | H77: Non traité | I77: Vérifier mise à jour (>5 ans) | K77: https://gelbooru.com/index.php?page=wiki&s=view&id=21928
A78: 31 | B78: mahou_shoujo_madoka_magica | C78: 79832 | D78: Wiki présent | F78: =HYPERLINK(K78,"↗") -> ↗ | H78: Non traité | I78: Jauger manuellement | K78: https://gelbooru.com/index.php?page=wiki&s=view&id=2689
A79: 33 | B79: precure | C79: 76121 | D79: Wiki présent | F79: =HYPERLINK(K79,"↗") -> ↗ | H79: Non traité | I79: Jauger manuellement | K79: https://gelbooru.com/index.php?page=wiki&s=view&id=11458
A80: 35 | B80: capcom | C80: 70968 | D80: Wiki présent | F80: =HYPERLINK(K80,"↗") -> ↗ | H80: Non traité | I80: Jauger manuellement | K80: https://gelbooru.com/index.php?page=wiki&s=view&id=1415
A81: 36 | B81: boku_no_hero_academia | C81: 70225 | D81: Wiki présent | F81: =HYPERLINK(K81,"↗") -> ↗ | H81: Non traité | I81: Jauger manuellement | K81: https://gelbooru.com/index.php?page=wiki&s=view&id=23484
A82: 38 | B82: puella_magi_madoka_magica | C82: 63104 | D82: Wiki présent | F82: =HYPERLINK(K82,"↗") -> ↗ | G82: 41707.641 | H82: Non traité | I82: Vérifier mise à jour (>5 ans) | K82: https://gelbooru.com/index.php?page=wiki&s=view&id=14145
A83: 39 | B83: kemono_friends | C83: 61640 | D83: Wiki présent | F83: =HYPERLINK(K83,"↗") -> ↗ | H83: Non traité | I83: Jauger manuellement | K83: https://gelbooru.com/index.php?page=wiki&s=view&id=21317
A84: 40 | B84: love_live!_school_idol_project | C84: 60217 | D84: Wiki présent | F84: =HYPERLINK(K84,"↗") -> ↗ | G84: 44376.574 | H84: Non traité | I84: Vérifier mise à jour (>5 ans) | K84: https://gelbooru.com/index.php?page=wiki&s=view&id=10244
A85: 41 | B85: persona | C85: 59614 | D85: Wiki présent | F85: =HYPERLINK(K85,"↗") -> ↗ | H85: Non traité | I85: Jauger manuellement | K85: https://gelbooru.com/index.php?page=wiki&s=view&id=8210
A86: 42 | B86: yu-gi-oh! | C86: 58805 | D86: Wiki présent | F86: =HYPERLINK(K86,"↗") -> ↗ | H86: Non traité | I86: Jauger manuellement | K86: https://gelbooru.com/index.php?page=wiki&s=view&id=1473
A87: 43 | B87: dragon_ball | C87: 58646 | D87: Wiki présent | F87: =HYPERLINK(K87,"↗") -> ↗ | H87: Brouillon prêt | I87: Jauger manuellement | K87: https://gelbooru.com/index.php?page=wiki&s=view&id=32919
A88: 44 | B88: granblue_fantasy | C88: 56334 | D88: Wiki présent | F88: =HYPERLINK(K88,"↗") -> ↗ | G88: 43558.381 | H88: Non traité | I88: Vérifier mise à jour (>5 ans) | K88: https://gelbooru.com/index.php?page=wiki&s=view&id=17668
A89: 45 | B89: street_fighter | C89: 55658 | D89: Wiki présent | F89: =HYPERLINK(K89,"↗") -> ↗ | H89: Non traité | I89: Jauger manuellement | K89: https://gelbooru.com/index.php?page=wiki&s=view&id=1265
A90: 47 | B90: neon_genesis_evangelion | C90: 54056 | D90: Wiki présent | F90: =HYPERLINK(K90,"↗") -> ↗ | H90: Non traité | I90: Jauger manuellement | K90: https://gelbooru.com/index.php?page=wiki&s=view&id=5792
A91: 50 | B91: the_legend_of_zelda | C91: 52438 | D91: Wiki présent | F91: =HYPERLINK(K91,"↗") -> ↗ | H91: Non traité | I91: Jauger manuellement | K91: https://gelbooru.com/index.php?page=wiki&s=view&id=3726
A92: 51 | B92: final_fantasy_vii | C92: 52402 | D92: Wiki présent | F92: =HYPERLINK(K92,"↗") -> ↗ | H92: Non traité | I92: Jauger manuellement | K92: https://gelbooru.com/index.php?page=wiki&s=view&id=8513
A93: 55 | B93: mario_(series) | C93: 49656 | D93: Wiki présent | F93: =HYPERLINK(K93,"↗") -> ↗ | G93: 43063.292 | H93: Non traité | I93: Vérifier mise à jour (>5 ans) | K93: https://gelbooru.com/index.php?page=wiki&s=view&id=22222
A94: 57 | B94: chainsaw_man | C94: 49523 | D94: Wiki présent | F94: =HYPERLINK(K94,"↗") -> ↗ | H94: Non traité | I94: Jauger manuellement | K94: https://gelbooru.com/index.php?page=wiki&s=view&id=28785
A95: 58 | B95: pokemon_(anime) | C95: 48401 | D95: Wiki présent | F95: =HYPERLINK(K95,"↗") -> ↗ | G95: 43186.912 | H95: Non traité | I95: Vérifier mise à jour (>5 ans) | K95: https://gelbooru.com/index.php?page=wiki&s=view&id=6889
A96: 59 | B96: my_hero_academia | C96: 47491 | D96: Alias → wiki canonique | E96: boku_no_hero_academia | F96: =HYPERLINK(K96,"↗") -> ↗ | H96: Non traité | I96: Jauger le wiki canonique | J96: boku_no_hero_academia | K96: https://gelbooru.com/index.php?page=wiki&s=view&id=23484
A97: 60 | B97: idolmaster_shiny_colors | C97: 47370 | D97: Wiki présent | F97: =HYPERLINK(K97,"↗") -> ↗ | H97: Brouillon prêt | I97: Jauger manuellement | K97: https://gelbooru.com/index.php?page=wiki&s=view&id=32936
A98: 63 | B98: bleach | C98: 44622 | D98: Wiki présent | F98: =HYPERLINK(K98,"↗") -> ↗ | H98: Non traité | I98: Jauger manuellement | K98: https://gelbooru.com/index.php?page=wiki&s=view&id=4438
A99: 64 | B99: love_live!_sunshine!! | C99: 44218 | D99: Wiki présent | F99: =HYPERLINK(K99,"↗") -> ↗ | H99: Non traité | I99: Jauger manuellement | K99: https://gelbooru.com/index.php?page=wiki&s=view&id=24002
A100: 65 | B100: league_of_legends | C100: 42784 | D100: Wiki présent | F100: =HYPERLINK(K100,"↗") -> ↗ | G100: 41388.45 | H100: Non traité | I100: Vérifier mise à jour (>5 ans) | K100: https://gelbooru.com/index.php?page=wiki&s=view&id=10666
A101: 73 | B101: real_life | C101: 38876 | D101: Wiki présent | F101: =HYPERLINK(K101,"↗") -> ↗ | H101: Non traité | I101: Jauger manuellement | K101: https://gelbooru.com/index.php?page=wiki&s=view&id=13153
A102: 74 | B102: fire_emblem_heroes | C102: 37941 | D102: Wiki présent | F102: =HYPERLINK(K102,"↗") -> ↗ | G102: 44309.547 | H102: Non traité | I102: Vérifier mise à jour (>5 ans) | K102: https://gelbooru.com/index.php?page=wiki&s=view&id=22778
A103: 77 | B103: idolmaster_million_live! | C103: 35907 | D103: Wiki présent | F103: =HYPERLINK(K103,"↗") -> ↗ | H103: Brouillon prêt | I103: Jauger manuellement | K103: https://gelbooru.com/index.php?page=wiki&s=view&id=32932
A104: 82 | B104: bang_dream!_it's_mygo!!!!! | C104: 34906 | D104: Alias → wiki canonique | E104: bang_dream! | F104: =HYPERLINK(K104,"↗") -> ↗ | G104: 45311.636 | H104: Non traité | I104: Alias résolu — contrôler le wiki | J104: bang_dream! | K104: https://gelbooru.com/index.php?page=wiki&s=view&id=24895
A105: 83 | B105: marvel | C105: 34773 | D105: Wiki présent | F105: =HYPERLINK(K105,"↗") -> ↗ | H105: Non traité | I105: Jauger manuellement | K105: https://gelbooru.com/index.php?page=wiki&s=view&id=10171
A106: 86 | B106: love_live!_school_idol_festival | C106: 33025 | D106: Wiki présent | F106: =HYPERLINK(K106,"↗") -> ↗ | H106: Non traité | I106: Jauger manuellement | K106: https://gelbooru.com/index.php?page=wiki&s=view&id=24212
A107: 87 | B107: princess_connect! | C107: 32220 | D107: Wiki présent | F107: =HYPERLINK(K107,"↗") -> ↗ | H107: Brouillon prêt | I107: Jauger manuellement | K107: https://gelbooru.com/index.php?page=wiki&s=view&id=32949
A108: 88 | B108: jojo's_bizarre_adventure | C108: 32182 | D108: Alias → wiki canonique | E108: jojo_no_kimyou_na_bouken | F108: =HYPERLINK(K108,"↗") -> ↗ | G108: 45515.917 | H108: Non traité | I108: Alias résolu — contrôler le wiki | J108: jojo_no_kimyou_na_bouken | K108: https://gelbooru.com/index.php?page=wiki&s=view&id=3604
A109: 89 | B109: bandori | C109: 31842 | D109: Alias → wiki canonique | E109: bang_dream! | F109: =HYPERLINK(K109,"↗") -> ↗ | G109: 45311.636 | H109: Non traité | I109: Alias résolu — contrôler le wiki | J109: bang_dream! | K109: https://gelbooru.com/index.php?page=wiki&s=view&id=24895
A110: 91 | B110: k-on! | C110: 31318 | D110: Wiki présent | F110: =HYPERLINK(K110,"↗") -> ↗ | H110: Non traité | I110: Jauger manuellement | K110: https://gelbooru.com/index.php?page=wiki&s=view&id=4143
A111: 94 | B111: tales_of_(series) | C111: 30580 | D111: Wiki présent | F111: =HYPERLINK(K111,"↗") -> ↗ | G111: 42771.195 | H111: Non traité | I111: Vérifier mise à jour (>5 ans) | K111: https://gelbooru.com/index.php?page=wiki&s=view&id=12181
A112: 95 | B112: ragnarok_online | C112: 30516 | D112: Wiki présent | F112: =HYPERLINK(K112,"↗") -> ↗ | G112: 41073.46 | H112: Non traité | I112: Vérifier mise à jour (>5 ans) | K112: https://gelbooru.com/index.php?page=wiki&s=view&id=7113
A113: 96 | B113: snk | C113: 30324 | D113: Wiki présent | F113: =HYPERLINK(K113,"↗") -> ↗ | G113: 41642.239 | H113: Non traité | I113: Vérifier mise à jour (>5 ans) | K113: https://gelbooru.com/index.php?page=wiki&s=view&id=6222
A114: 98 | B114: bishoujo_senshi_sailor_moon | C114: 29120 | D114: Wiki présent | F114: =HYPERLINK(K114,"↗") -> ↗ | H114: Non traité | I114: Jauger manuellement | K114: https://gelbooru.com/index.php?page=wiki&s=view&id=1831
A115: 99 | B115: dragon_quest | C115: 29087 | D115: Wiki présent | F115: =HYPERLINK(K115,"↗") -> ↗ | H115: Non traité | I115: Jauger manuellement | K115: https://gelbooru.com/index.php?page=wiki&s=view&id=75
A116: 102 | B116: guilty_gear | C116: 28670 | D116: Wiki présent | F116: =HYPERLINK(K116,"↗") -> ↗ | H116: Non traité | I116: Jauger manuellement | K116: https://gelbooru.com/index.php?page=wiki&s=view&id=6936
A117: 104 | B117: suzumiya_haruhi_no_yuuutsu | C117: 28392 | D117: Wiki présent | F117: =HYPERLINK(K117,"↗") -> ↗ | G117: 44214.838 | H117: Non traité | I117: Vérifier mise à jour (>5 ans) | K117: https://gelbooru.com/index.php?page=wiki&s=view&id=5818
A118: 109 | B118: kono_subarashii_sekai_ni_shukufuku_wo! | C118: 27758 | D118: Wiki présent | F118: =HYPERLINK(K118,"↗") -> ↗ | H118: Non traité | I118: Jauger manuellement | K118: https://gelbooru.com/index.php?page=wiki&s=view&id=32640
A119: 110 | B119: jujutsu_kaisen | C119: 27230 | D119: Wiki présent | F119: =HYPERLINK(K119,"↗") -> ↗ | H119: Non traité | I119: Jauger manuellement | K119: https://gelbooru.com/index.php?page=wiki&s=view&id=29547
A120: 111 | B120: sonic_(series) | C120: 26883 | D120: Wiki présent | F120: =HYPERLINK(K120,"↗") -> ↗ | G120: 44262.019 | H120: Non traité | I120: Vérifier mise à jour (>5 ans) | K120: https://gelbooru.com/index.php?page=wiki&s=view&id=27103
A121: 115 | B121: strike_witches | C121: 25726 | D121: Wiki présent | F121: =HYPERLINK(K121,"↗") -> ↗ | H121: Brouillon prêt | I121: Jauger manuellement | K121: https://gelbooru.com/index.php?page=wiki&s=view&id=11369
A122: 117 | B122: jjk | C122: 25218 | D122: Alias → wiki canonique | E122: jujutsu_kaisen | F122: =HYPERLINK(K122,"↗") -> ↗ | H122: Non traité | I122: Jauger le wiki canonique | J122: jujutsu_kaisen | K122: https://gelbooru.com/index.php?page=wiki&s=view&id=29547
A123: 118 | B123: fate/extra | C123: 25151 | D123: Wiki présent | F123: =HYPERLINK(K123,"↗") -> ↗ | G123: 43447.687 | H123: Non traité | I123: Vérifier mise à jour (>5 ans) | K123: https://gelbooru.com/index.php?page=wiki&s=view&id=23846
A124: 123 | B124: sword_art_online | C124: 23832 | D124: Wiki présent | F124: =HYPERLINK(K124,"↗") -> ↗ | H124: Non traité | I124: Jauger manuellement | K124: https://gelbooru.com/index.php?page=wiki&s=view&id=5175
A125: 126 | B125: persona_5 | C125: 22950 | D125: Wiki présent | F125: =HYPERLINK(K125,"↗") -> ↗ | H125: Non traité | I125: Jauger manuellement | K125: https://gelbooru.com/index.php?page=wiki&s=view&id=21476
A126: 127 | B126: mahou_shoujo_lyrical_nanoha | C126: 22786 | D126: Wiki présent | F126: =HYPERLINK(K126,"↗") -> ↗ | H126: Brouillon prêt | I126: Jauger manuellement | K126: https://gelbooru.com/index.php?page=wiki&s=view&id=4410
A127: 129 | B127: atlus | C127: 22515 | D127: Wiki présent | F127: =HYPERLINK(K127,"↗") -> ↗ | G127: 40922.881 | H127: Non traité | I127: Vérifier mise à jour (>5 ans) | K127: https://gelbooru.com/index.php?page=wiki&s=view&id=6070
A128: 130 | B128: spy_x_family | C128: 22501 | D128: Wiki présent | F128: =HYPERLINK(K128,"↗") -> ↗ | H128: Non traité | I128: Jauger manuellement | K128: https://gelbooru.com/index.php?page=wiki&s=view&id=28201
A129: 131 | B129: dead_or_alive | C129: 22494 | D129: Wiki présent | F129: =HYPERLINK(K129,"↗") -> ↗ | H129: Non traité | I129: Jauger manuellement | K129: https://gelbooru.com/index.php?page=wiki&s=view&id=3617
A130: 132 | B130: fire_emblem_awakening | C130: 22152 | D130: Wiki présent | F130: =HYPERLINK(K130,"↗") -> ↗ | G130: 43656.39 | H130: Non traité | I130: Vérifier mise à jour (>5 ans) | K130: https://gelbooru.com/index.php?page=wiki&s=view&id=15252
A131: 137 | B131: ranma_1/2 | C131: 21692 | D131: Wiki présent | F131: =HYPERLINK(K131,"↗") -> ↗ | G131: 44176.633 | H131: Non traité | I131: Vérifier mise à jour (>5 ans) | K131: https://gelbooru.com/index.php?page=wiki&s=view&id=1263
A132: 138 | B132: lilith-soft | C132: 21579 | D132: Wiki présent | F132: =HYPERLINK(K132,"↗") -> ↗ | G132: 41795.769 | H132: Non traité | I132: Vérifier mise à jour (>5 ans) | K132: https://gelbooru.com/index.php?page=wiki&s=view&id=3626
A133: 139 | B133: omori | C133: 21393 | D133: Wiki présent | F133: =HYPERLINK(K133,"↗") -> ↗ | H133: Non traité | I133: Jauger manuellement | K133: https://gelbooru.com/index.php?page=wiki&s=view&id=30027
A134: 143 | B134: nikke_(series) | C134: 20649 | D134: Alias → wiki canonique | E134: goddess_of_victory:_nikke | F134: =HYPERLINK(K134,"↗") -> ↗ | G134: 46242.969 | H134: Non traité | I134: Alias résolu — contrôler le wiki | J134: goddess_of_victory:_nikke | K134: https://gelbooru.com/index.php?page=wiki&s=view&id=32687
A135: 144 | B135: fate/apocrypha | C135: 20603 | D135: Wiki présent | F135: =HYPERLINK(K135,"↗") -> ↗ | G135: 44334.19 | H135: Non traité | I135: Vérifier mise à jour (>5 ans) | K135: https://gelbooru.com/index.php?page=wiki&s=view&id=27287
A136: 145 | B136: dragonball_z | C136: 20453 | D136: Wiki présent | F136: =HYPERLINK(K136,"↗") -> ↗ | G136: 41408.786 | H136: Non traité | I136: Vérifier mise à jour (>5 ans) | K136: https://gelbooru.com/index.php?page=wiki&s=view&id=10870
...
